{
  "enableRain": true,
  "canGenerateRivers": false,
  "rainfall": 1.2,
  "skyColor": -1,
  "guiColour": 1368687,
  "fogDensity": 1.0,
  "hasBiomeEssence": true,
  "variationBelow": 50.0,
  "variationAbove": 50.0,
  "waterColor": 16777215,
  "seaFloorBlock": {
    "block": "minecraft:dirt",
    "properties": {
      "snowy": "false",
      "variant": "dirt"
    }
  },
  "fillerBlock": {
    "block": "minecraft:dirt",
    "properties": {
      "snowy": "false",
      "variant": "dirt"
    }
  },
  "averageHeight": 80.0,
  "topBlock": {
    "block": "minecraft:grass",
    "properties": {
      "snowy": "false"
    }
  },
  "fogColor": -1,
  "temperature": 0.95,
  "canGenerateVillages": false,
  "canSpawnInBiome": false,
  "enableSnow": false,
  "generators": {
    "glowshrooms": {
      "with": {
        "block": "biomesoplenty:mushroom",
        "properties": {
          "variant": "glowshroom"
        }
      },
      "generationAttempts": 64,
      "amountPerChunk": 1.5,
      "enable": true
    },
    "leaf_piles": {
      "with": {
        "block": "biomesoplenty:plant_0",
        "properties": {
          "variant": "leafpile"
        }
      },
      "generationAttempts": 64,
      "amountPerChunk": 0.5,
      "enable": true
    },
    "flowers": {
      "amountPerChunk": 1.5,
      "enable": true,
      "generators": {}
    },
    "melons": {
      "with": {
        "block": "minecraft:melon_block",
        "properties": {}
      },
      "generationAttempts": 32,
      "amountPerChunk": 0.015625,
      "enable": true
    },
    "miners_delight": {
      "with": {
        "block": "biomesoplenty:flower_1",
        "properties": {
          "variant": "miners_delight"
        }
      },
      "generationAttempts": 64,
      "amountPerChunk": 0.25,
      "enable": true
    },
    "medium_lily": {
      "with": {
        "block": "biomesoplenty:waterlily",
        "properties": {
          "variant": "medium"
        }
      },
      "generationAttempts": 32,
      "amountPerChunk": 0.3,
      "enable": true
    },
    "clover_patches": {
      "with": {
        "block": "biomesoplenty:plant_0",
        "properties": {
          "variant": "cloverpatch"
        }
      },
      "generationAttempts": 128,
      "amountPerChunk": 0.2,
      "enable": true
    },
    "roots": {
      "with": {
        "block": "biomesoplenty:plant_1",
        "properties": {
          "variant": "root"
        }
      },
      "generationAttempts": 32,
      "amountPerChunk": 4.0,
      "enable": true
    },
    "trees": {
      "amountPerChunk": 15.0,
      "enable": true,
      "generators": {}
    },
    "small_lily": {
      "with": {
        "block": "biomesoplenty:waterlily",
        "properties": {
          "variant": "small"
        }
      },
      "generationAttempts": 32,
      "amountPerChunk": 0.5,
      "enable": true
    },
    "flower_lily": {
      "with": {
        "block": "biomesoplenty:waterlily",
        "properties": {
          "variant": "flower"
        }
      },
      "generationAttempts": 32,
      "amountPerChunk": 0.5,
      "enable": true
    },
    "sand": {
      "with": {
        "block": "minecraft:sand",
        "properties": {
          "variant": "sand"
        }
      },
      "maxRadius": 7,
      "amountPerChunk": 3.0,
      "enable": true
    },
    "rafflesia": {
      "with": {
        "block": "biomesoplenty:plant_1",
        "properties": {
          "variant": "rafflesia"
        }
      },
      "generationAttempts": 32,
      "amountPerChunk": 0.1,
      "enable": true
    },
    "grass": {
      "amountPerChunk": 3.0,
      "enable": true,
      "generators": {}
    },
    "lily": {
      "with": {
        "block": "minecraft:waterlily",
        "properties": {}
      },
      "generationAttempts": 32,
      "amountPerChunk": 0.5,
      "enable": true
    },
    "topaz": {
      "minHeight": 4,
      "with": {
        "block": "biomesoplenty:gem_ore",
        "properties": {
          "variant": "topaz"
        }
      },
      "amountPerChunk": 12.0,
      "maxHeight": 32,
      "enable": true
    },
    "tiny_lily": {
      "with": {
        "block": "biomesoplenty:waterlily",
        "properties": {
          "variant": "tiny"
        }
      },
      "generationAttempts": 32,
      "amountPerChunk": 0.5,
      "enable": true
    }
  },
  "weights": {
    "tropical": 7
  }
}